Date,Temp_min,Temp_max,Temp_range,Temp_mean,pH_min,pH_max,pH_range,pH_mean,EC_min,EC_max,EC_range,EC_mean,DO_min,DO_max,DO_range,DO_mean,Site,CO2_min,CO2_max,CO2_range
26/10/2021,17.81,19.465,1.655,18.54675,7.569627068,7.738539734,0.168912666,7.649633401,256.05,259.87,3.82,258.199375,35.167,58.082,22.915,46.2975,D,8.565843476,12.80366654,4.237823065
11/11/2021,19.804,21.41,1.606,20.59112,7.935151533,8.498729265,0.563577733,8.210997666,247.35,284.92,37.57,272.3564,64.726,95.094,30.368,84.41524,D,21.28784442,52.64885238,31.36100796
12/11/2021,17.927,19.674,1.747,18.68241667,7.908582244,8.262239445,0.353657201,8.043231678,278.13,284.91,6.78,281.0604167,46.015,79.137,33.122,59.737625,D,27.56947939,37.18573703,9.616257636
13/11/2021,15.68,17.867,2.187,16.41345833,7.978071313,8.545836379,0.567765067,8.251331979,272.17,286.15,13.98,280.1841667,53.619,77.559,23.94,64.23027083,D,26.05903738,42.67234948,16.6133121
14/11/2021,14.666,17.19,2.524,15.74525,7.952067091,8.508837536,0.556770445,8.152884364,270.29,290.67,20.38,282.3785417,0.8302,72.098,71.2678,29.07617917,D,32.27842637,41.18349278,8.905066412
15/11/2021,14.613,16.995,2.382,15.85470833,7.999369404,8.43052967,0.431160266,8.190455498,272.01,289.89,17.88,281.383125,0.056,62.753,62.697,23.84697083,D,33.06210508,43.78939001,10.72728494
16/11/2021,15.212,21.672,6.46,17.84245833,7.987482649,8.400500694,0.413018045,8.123934966,266.2,296.27,30.07,283.914375,NA,NA,NA,NA,D,37.99960064,50.34652463,12.34692399
17/11/2021,17.015,22.695,5.68,19.20525,8.013422961,8.462258473,0.448835512,8.155260267,266.11,299.13,33.02,286.7722917,NA,NA,NA,NA,D,35.93267564,47.75224977,11.81957413
18/11/2021,18.794,21.617,2.823,20.47616667,8.057441585,8.383303008,0.325861423,8.211310568,286.94,303.26,16.32,296.659375,NA,NA,NA,NA,D,35.06655541,48.06166429,12.99510888
19/11/2021,19.612,22.729,3.117,20.61782979,8.156587276,8.659934876,0.5033476,8.340696017,290.6,306.46,15.86,300.0540426,NA,NA,NA,NA,D,33.84004505,47.92137352,14.08132847
20/11/2021,19.509,21.055,1.546,20.10420833,8.151404743,8.483287854,0.331883112,8.281326182,301.36,308.34,6.98,302.9810417,NA,NA,NA,NA,D,41.59128968,62.6825557,21.09126602
21/11/2021,18.201,22.509,4.308,20.06902083,8.200688433,8.685841411,0.485152979,8.361307733,295.76,317.1,21.34,307.069375,NA,NA,NA,NA,D,39.68118996,68.97308756,29.2918976
22/11/2021,18.382,23.287,4.905,20.63533333,8.225120301,8.710620879,0.485500578,8.397358035,301.01,318.16,17.15,309.8835417,NA,NA,NA,NA,D,22.2767608,70.81436505,48.53760426
23/11/2021,19.018,21.716,2.698,20.3011875,8.302691903,8.733943725,0.431251822,8.400533336,310.37,319.93,9.56,315.1164583,NA,NA,NA,NA,D,45.9041038,76.0687475,30.1646437
24/11/2021,20.167,22.366,2.199,21.1038125,8.281453326,8.737427415,0.455974089,8.391021137,311,319.8,8.8,315.9308333,NA,NA,NA,NA,D,49.69472558,86.41885884,36.72413327
25/11/2021,20.963,22.74,1.777,21.72479167,8.280206304,8.617594216,0.337387912,8.347104772,298.61,316.55,17.94,309.7066667,NA,NA,NA,NA,D,53.03100545,100.3854904,47.35448497
26/11/2021,18.431,21.953,3.522,20.12,8.356585772,9.153438751,0.796852979,8.779361323,293.65,312.06,18.41,303.1210417,NA,NA,NA,NA,D,53.53743547,78.48708824,24.94965277
27/11/2021,17.59,21.396,3.806,19.41922917,8.373521862,8.873339907,0.499818045,8.465772041,284.23,301.49,17.26,293.479375,NA,NA,NA,NA,D,21.16637179,62.35413677,41.18776498
28/11/2021,17.988,23.398,5.41,20.60147917,8.391944708,9.065401909,0.673457201,8.475372342,282.56,308.65,26.09,297.745,NA,NA,NA,NA,D,7.57890791,47.20838837,39.62948046
29/11/2021,19.671,24.95,5.279,21.49445833,8.428224176,8.700503065,0.27227889,8.490897643,287.18,311.5,24.32,300.1591667,NA,NA,NA,NA,D,7.375905125,38.39000154,31.01409642
30/11/2021,22.034,27.618,5.584,24.182,7.963584628,8.875822116,0.912237488,8.585292975,291.21,316.31,25.1,302.4006522,NA,NA,NA,NA,D,5.615042743,33.53653313,27.92149039
4/12/2021,23.422,26.384,2.962,24.85944681,7.739595047,7.938437111,0.198842064,7.83835592,312.37,331.34,18.97,323.4151064,11.808,35.95,24.142,22.00810638,D,14.61295988,35.35448361,20.74152372
5/12/2021,21.107,26.509,5.402,23.35960417,7.707314423,7.907326887,0.200012463,7.798118199,312.1,333.73,21.63,324.8141667,1.992,29.458,27.466,15.65108125,D,35.49072439,92.6133828,57.12265841
6/12/2021,19.659,22.584,2.925,21.27068085,7.605140616,7.803546264,0.198405648,7.6983428,309.96,334.25,24.29,322.0906383,NA,NA,NA,NA,D,65.58377891,104.8526418,39.26886287
7/12/2021,20.554,26.494,5.94,22.58427083,7.529773625,7.893556585,0.36378296,7.62230069,306.7,335.27,28.57,319.4529167,NA,NA,NA,NA,D,46.31894028,77.93915196,31.62021168
8/12/2021,19.814,24.151,4.337,21.80341667,7.607264569,8.325420266,0.718155696,7.713903773,307.47,334.09,26.62,321.305625,1.5598,62.81,61.2502,25.39475,D,32.55444117,73.57339589,41.01895472
9/12/2021,18.277,22.804,4.527,20.05917021,7.62432825,8.493956682,0.869628432,7.761670352,324.39,349.28,24.89,334.4319149,6.4902,43.738,37.2478,20.45456596,D,27.13367573,76.92386842,49.79019269
10/12/2021,18.313,24.182,5.869,20.99564583,7.615720363,7.981802155,0.366081792,7.701007098,316.38,348.68,32.3,333.606875,17.726,80.289,62.563,52.669625,D,17.69114728,66.11986865,48.42872137
11/12/2021,19.805,26.609,6.804,22.44570213,7.636867004,8.311846556,0.674979552,7.731884891,302.89,345.28,42.39,327.5393617,0.4579,66.413,65.9551,28.45651702,D,10.3702455,63.50016898,53.12992348
12/12/2021,20.89,27.255,6.365,23.37347917,7.603923868,7.757092028,0.15316816,7.673431256,312.16,341.78,29.62,329.7877083,18.313,44.685,26.372,27.86466667,D,9.492782748,41.23912499,31.74634224
15/12/2021,23.808,26.827,3.019,25.0613125,7.658858143,8.484812671,0.825954528,7.797725165,341.01,350.25,9.24,345.693125,NA,NA,NA,NA,D,50.9863251,55.66758432,4.681259223
16/12/2021,21.805,27.533,5.728,24.65861702,7.602935455,8.031689983,0.428754528,7.676831237,335.41,357.27,21.86,345.9608511,NA,NA,NA,NA,D,23.62967528,69.86143539,46.23176011
17/12/2021,22.427,27.577,5.15,24.90280851,7.595930976,7.692374112,0.096443135,7.651128509,332.09,363.09,31,347.7461702,NA,NA,NA,NA,D,27.52528949,68.01464228,40.48935279
19/12/2021,22.105,25.999,3.894,23.66020833,7.56960381,7.688963985,0.119360175,7.620002648,380.51,399.84,19.33,389.748125,NA,NA,NA,NA,D,24.65290077,60.52453542,35.87163465
20/12/2021,19.93,26.661,6.731,22.89548936,7.532843635,7.605325426,0.072481792,7.569715635,343.95,386.01,42.06,364.1591489,NA,NA,NA,NA,D,9.296033364,57.07512994,47.77909658
29/12/2021,20.375,29.106,8.731,24.27997917,7.711808873,7.834797481,0.122988608,7.77262003,341.03,386.11,45.08,371.2616667,NA,NA,NA,NA,D,18.04586994,67.20904613,49.16317619
30/12/2021,22.906,29.443,6.537,25.97755319,7.652121434,7.989233898,0.337112463,7.777091307,360.63,386.11,25.48,376.9182979,NA,NA,NA,NA,D,15.32580669,57.66412396,42.33831726
2/01/2022,26.774,29.94,3.166,28.25741667,7.573787452,7.727963596,0.154176144,7.64834543,300.15,315.9,15.75,309.8672917,NA,NA,NA,NA,D,27.00728911,66.51315749,39.50586837
3/01/2022,26.332,32.434,6.102,27.98464583,7.600470509,7.790189788,0.189719279,7.687331847,281.53,309.69,28.16,301.4189583,NA,NA,NA,NA,D,30.00395757,67.79184878,37.78789121
4/01/2022,25.973,30.319,4.346,27.74093617,7.593356877,7.700378493,0.107021616,7.643424888,290.79,307.48,16.69,301.4553191,NA,NA,NA,NA,D,40.75885159,69.4397599,28.68090832
5/01/2022,24.957,28.828,3.871,26.68672917,7.605496702,7.678267198,0.072770497,7.644124755,299.87,311.72,11.85,307.73125,NA,NA,NA,NA,D,55.84496906,86.36000635,30.51503729
6/01/2022,22.86,25.317,2.457,23.94331915,7.645189983,7.682071775,0.036881792,7.660762831,301.5,311.28,9.78,307.6431915,NA,NA,NA,NA,D,87.44381757,99.59026405,12.14644647
7/01/2022,22.12,26.027,3.907,23.45172917,7.628384336,7.66494344,0.036559104,7.651917663,289.09,308.8,19.71,301.845625,NA,NA,NA,NA,D,89.00338619,101.9580797,12.95469348
8/01/2022,23.303,26.238,2.935,24.17902083,7.618702544,7.761059409,0.142356865,7.67539783,288.06,306.28,18.22,299.7064583,NA,NA,NA,NA,D,74.27023491,96.85784073,22.58760582
20/01/2022,22.783,25.687,2.904,24.09423404,7.746961161,7.939805465,0.192844304,7.804615671,228.88,249.54,20.66,239.6176596,NA,NA,NA,NA,D,51.50223604,55.93518433,4.432948286
21/01/2022,21.496,26.351,4.855,23.46416667,7.715770314,7.776075962,0.060305648,7.747413853,230.91,245.64,14.73,238.1610417,NA,NA,NA,NA,D,39.31757709,64.19028631,24.87270922
22/01/2022,22.014,24.889,2.875,23.38475,7.678993099,7.734102155,0.055109056,7.712089853,236.54,246.29,9.75,243.1716667,NA,NA,NA,NA,D,50.87193692,68.57232054,17.70038362
23/01/2022,22.538,24.905,2.367,23.89108511,7.672779467,7.731121531,0.058342064,7.707347478,237.44,248.57,11.13,243.72,NA,NA,NA,NA,D,55.36782701,69.73901998,14.37119298
24/01/2022,23.239,25.268,2.029,24.31704167,7.682619292,7.740534092,0.0579148,7.718861928,237.48,249.18,11.7,244.3485417,NA,NA,NA,NA,D,52.49747046,70.22927437,17.7318039
25/01/2022,23.502,24.96,1.458,24.22459574,7.715862525,7.767370509,0.051507984,7.741613081,243.57,249.14,5.57,246.42,NA,NA,NA,NA,D,54.47834586,73.15236567,18.67401981
26/01/2022,23.452,24.905,1.453,24.11510417,7.724323966,7.752096702,0.027772736,7.735198586,243.29,249.5,6.21,247.0289583,NA,NA,NA,NA,D,50.53249026,86.72081148,36.18832123
27/01/2022,24.515,27.018,2.503,25.56566667,7.704425134,7.804760382,0.100335248,7.76025792,242.5,250.98,8.48,247.253125,NA,NA,NA,NA,D,36.07997807,71.42041062,35.34043255
3/02/2022,20.613,23,2.387,21.546,7.917163011,7.981,0.063836989,7.931247952,263.17,281.07,17.9,274.4556,9.4584,73.251,63.7926,38.494216,D,9.333052696,21.09075063,11.75769793
15/03/2022,21.706,23.775,2.069,22.38964583,7.718847887,8.407619718,0.688771831,7.931401526,272.32,341.91,69.59,290.35,59.909,99.696,39.787,80.92027083,D,8.420608761,19.56882755,11.14821879
16/03/2022,21.167,22.302,1.135,21.66248936,7.693015493,8.597584507,0.904569014,7.893679173,269.59,297.76,28.17,278.026383,60.731,85.382,24.651,71.74808511,D,12.32807988,25.92637379,13.59829391
17/03/2022,20.834,25.161,4.327,22.10508333,7.679514085,9.122030986,1.442516901,8.077821714,NA,NA,NA,NA,52.504,112.5,59.996,75.24058333,D,7.033988916,33.22122011,26.18723119
18/03/2022,21.716,27.143,5.427,23.87514583,7.973223944,9.103938028,1.130714085,8.447874589,NA,NA,NA,NA,70.579,110.75,40.171,91.09589583,D,5.150293108,16.66410216,11.51380906
20/03/2022,23.242,27.484,4.242,24.87604167,8.008650704,9.306552113,1.297901408,8.49321561,NA,NA,NA,NA,36.556,103.3,66.744,72.8025,D,5.29869057,15.79510486,10.49641429
21/03/2022,23.203,26.994,3.791,24.75178723,8.033366197,8.901395775,0.868029577,8.296408151,NA,NA,NA,NA,50.552,97.248,46.696,70.57655319,D,5.117032361,18.63983388,13.52280152
22/03/2022,23.912,26.769,2.857,25.11122917,8.026009859,8.73784507,0.711835211,8.305748504,NA,NA,NA,NA,47.52,109.78,62.26,80.74770833,D,5.057577214,17.17943789,12.12186068
23/03/2022,22.637,25.012,2.375,23.65774468,7.546932394,8.676688732,1.129756338,8.06079047,280.49,295.75,15.26,287.4506383,70.509,103.7,33.191,86.57602128,D,6.957733262,25.31216493,18.35443166
24/03/2022,21.33,25.283,3.953,22.85452083,7.455884507,8.615453521,1.159569014,7.834391256,275.57,309.1,33.53,292.7925,58.942,107.81,48.868,81.64941667,D,6.416918026,26.39608643,19.9791684
25/03/2022,20.556,24.678,4.122,22.34014894,7.525546479,8.66018169,1.134635211,7.926452502,278.27,298.49,20.22,291.6712766,51.857,108.17,56.313,77.5737234,D,7.265468536,27.36460908,20.09914055
26/03/2022,20.687,24.518,3.831,22.19925,7.570538028,8.543670423,0.973132394,7.917469777,279.1,297.72,18.62,292.09375,46.144,103.76,57.616,70.4795625,D,7.593353409,26.53622392,18.94287051
27/03/2022,20.742,24.31,3.568,22.16716667,7.795487324,8.364498592,0.569011268,8.005439319,282.03,296.97,14.94,292.1483333,40.071,89.947,49.876,64.91458333,D,9.287220687,30.6983275,21.41110681
28/03/2022,21.262,24.069,2.807,22.60180851,7.839173239,8.635284507,0.796111268,8.201289661,284.37,297.64,13.27,294.1404255,50.557,94.508,43.951,74.10189362,D,6.536888312,25.79254559,19.25565728
29/03/2022,21.13,25.814,4.684,22.62882979,7.938622535,8.793649296,0.855026761,8.288240396,277.93,309.93,32,296.4902128,48.022,110.42,62.398,80.44023404,D,6.758484707,27.16721241,20.40872771
30/03/2022,21.139,25.173,4.034,22.73725,8.173269014,8.974377465,0.801108451,8.494064319,285.62,303.52,17.9,297.5679167,73.807,117.17,43.363,94.98885417,D,6.706652792,20.06597299,13.3593202
31/03/2022,19.335,22.455,3.12,20.67091489,8.059407042,8.938026761,0.878619718,8.379413066,287.79,303.33,15.54,298.2674468,66.263,100.48,34.217,81.07804255,D,11.78675797,26.48715097,14.700393
1/04/2022,18.203,20.673,2.47,19.27464583,8.096180282,8.662230986,0.566050704,8.345707424,289.93,307.09,17.16,299.44,49.594,88.755,39.161,64.72202083,D,17.08220915,36.08029715,18.998088
2/04/2022,17.352,20.558,3.206,18.74970833,8.01184507,8.806714085,0.794869014,8.295710299,288.16,307.5,19.34,300.5147917,39.656,91.847,52.191,61.67870833,D,16.91716596,41.70837766,24.7912117
3/04/2022,18.082,20.396,2.314,19.0397234,8.07655493,8.58244507,0.505890141,8.288137459,294.99,308.93,13.94,304.8957447,42.13,104.23,62.1,65.82395745,D,13.86059832,44.24515833,30.38456
4/04/2022,18.209,21.679,3.47,19.57683333,8.067659155,8.690207042,0.622547887,8.294567987,294.8,316.21,21.41,308.0347917,42.182,109.96,67.778,74.6481875,D,7.662802895,45.47912368,37.81632079
5/04/2022,18.467,22.373,3.906,20.0396383,8.102947887,8.669538028,0.566590141,8.295822895,293.14,321.77,28.63,311.8178723,58.262,107.41,49.148,80.33112766,D,6.54751488,30.23915067,23.69163579
9/11/2021,21.264,29.272,8.008,24.68742553,7.438821301,8.091005762,0.652184461,7.681337459,129.67,153.8,24.13,140.8793617,40.131,107.52,67.389,76.61757447,B,8.511228743,51.08681246,42.57558371
10/11/2021,20.158,27.405,7.247,23.59956522,7.371607857,9.235524443,1.863916587,7.940166351,135.32,144.75,9.43,141.4721739,43.738,106.72,62.982,74.65395652,B,9.096922752,48.07068943,38.97376668
12/11/2021,17.726,19.599,1.873,19.02539024,7.762436927,8.41252034,0.650083413,8.069712466,134.25,139.6,5.35,136.5797561,64.054,89.678,25.624,78.98429268,B,16.10891164,39.67952765,23.57061601
13/11/2021,15.766,17.579,1.813,16.40348276,7.851869053,8.404802226,0.552933173,8.060933915,135.21,140.66,5.45,138.7962069,65.062,89.923,24.861,77.71210345,B,25.44174096,43.14074065,17.69899969
16/11/2021,15.249,22.573,7.324,18.45774468,8.004147883,8.70786447,0.703716587,8.301943839,127.5,140.52,13.02,135.4402128,77.92,103.92,26,89.99051064,B,9.618465921,26.57110254,16.95263662
17/11/2021,17.023,24.761,7.738,19.94527083,7.875917852,8.657354649,0.781436796,8.163286582,122.55,140.29,17.74,135.8022917,76.816,103.49,26.674,89.87135417,B,8.590292562,30.48768718,21.89739462
18/11/2021,18.539,22.191,3.652,20.2747234,7.764811654,8.54476866,0.779957006,8.05743633,129.22,138.84,9.62,134.6019149,75.028,103.41,28.382,89.83142553,B,9.266386032,27.83996418,18.57357815
19/11/2021,19.77,23.234,3.464,21.18941667,7.751138629,8.568006504,0.816867874,8.027666397,130.35,137.22,6.87,134.4189583,74.686,101.28,26.594,89.647625,B,9.036171914,22.11989979,13.08372787
20/11/2021,19.398,21.211,1.813,20.31372917,7.859500306,8.09784797,0.238347665,7.946819991,133.6,137.6,4,135.3122917,78.758,95.823,17.065,87.7523125,B,11.12088135,24.57796118,13.45707983
21/11/2021,18.42,22.82,4.4,20.21923404,7.809185814,8.484702401,0.675516587,8.054606663,130.11,140.28,10.17,135.7104255,79.559,97.028,17.469,87.05685106,B,9.333898407,23.60924885,14.27535044
22/11/2021,18.565,23.874,5.309,20.6933125,7.8276677,8.612404496,0.784736796,8.048591472,132.45,145.04,12.59,139.5197917,79.138,98.92,19.782,87.90833333,B,8.843482869,24.21805774,15.37457487
23/11/2021,19.379,22.362,2.983,20.73959574,7.746225753,8.153794675,0.407568922,7.889641707,138.36,145.25,6.89,141.7751064,76.343,96.107,19.764,85.70046809,B,10.73532765,28.10550915,17.3701815
24/11/2021,20.88,22.836,1.956,21.73991667,7.704083806,8.221564644,0.517480838,7.95465462,140.61,143.92,3.31,142.6104167,74.562,95.98,21.418,86.08327083,B,11.37041182,30.28142904,18.91101722
25/11/2021,21.206,23.278,2.072,22.0791875,7.743918027,8.665202488,0.921284461,8.076833214,137.69,143.65,5.96,141.5447917,78.578,98.571,19.993,88.0275,B,9.094098799,26.71684991,17.62275111
26/11/2021,18.8,21.75,2.95,20.18604255,7.908156918,8.347030991,0.438874072,8.032703529,141.57,143.26,1.69,142.7285106,76.81,88.829,12.019,83.54174468,B,15.38114058,27.87208909,12.49094851
27/11/2021,18.147,22.355,4.208,19.98047917,7.757493715,8.283666259,0.526172545,7.916746362,139.71,149.73,10.02,143.8597917,72.461,98.84,26.379,83.83152083,B,9.206181851,35.31281826,26.1066364
28/11/2021,18.196,23.886,5.69,20.96404255,7.7972756,8.259976648,0.462701048,7.941017297,139.75,150.91,11.16,145.8282979,73.507,104.51,31.003,86.88108511,B,8.62809293,32.45535747,23.82726454
29/11/2021,19.745,25.581,5.836,22.658,7.749054911,8.157294282,0.408239371,7.868557426,142.11,152.54,10.43,148.2402083,77.077,107.43,30.353,91.327,B,9.518793781,27.72687638,18.2080826
1/12/2021,22.843,29.463,6.62,25.69882979,7.243499738,7.961662467,0.71816273,7.476251432,156.3,170.85,14.55,161.8131915,69.389,100.69,31.301,82.57353191,B,7.587236173,36.63855246,29.05131628
2/12/2021,24.521,31.162,6.641,27.10464583,7.034297113,7.999173753,0.96487664,7.443634416,156.38,173.81,17.43,166.7022917,61.295,98.229,36.934,80.31522917,B,7.234599428,40.1266405,32.89204107
3/12/2021,24.828,30.316,5.488,27.27734043,7.187278215,7.819040945,0.63176273,7.4380463,161.15,173.49,12.34,168.6868085,65.218,103.12,37.902,82.40825532,B,10.56049707,19.26347467,8.702977606
4/12/2021,23.334,25.942,2.608,24.71516667,7.221243045,7.709805774,0.48856273,7.405657431,169.23,176.18,6.95,173.3454167,69.444,92.686,23.242,82.99129167,B,10.21517782,27.62184749,17.40666967
5/12/2021,21.752,26.002,4.25,23.57808511,7.223091601,7.686865879,0.463774278,7.417775211,169.38,182.99,13.61,175.3338298,68.823,91.17,22.347,79.10804255,B,11.55276009,28.66482209,17.11206201
6/12/2021,21.382,23.524,2.142,22.40277083,7.22505643,7.511133071,0.28607664,7.349605446,175.82,183.07,7.25,179.9772917,65.258,84.682,19.424,72.953125,B,19.93296082,39.63399459,19.70103376
7/12/2021,22.02,29.097,7.077,24.3745625,7.066886352,7.847300262,0.780413911,7.282313632,183.1,223.21,40.11,203.736875,63.224,99.456,36.232,78.8173125,B,12.20347644,43.38408647,31.18061004
8/12/2021,21.848,26.55,4.702,23.62470213,7.159920997,7.604367454,0.444446457,7.316674585,193.67,216.51,22.84,204.5919149,60.445,103.13,42.685,83.89525532,B,10.87435794,40.28961701,29.41525907
9/12/2021,20.765,25.275,4.51,22.2300625,7.251585827,7.602295013,0.350709186,7.40531373,188.28,200.48,12.2,195.14125,61.985,105.85,43.865,84.01535417,B,8.86968372,30.30131822,21.4316345
10/12/2021,20.401,26.671,6.27,23.0876383,7.356671391,7.902478478,0.545807087,7.536899241,174.95,192.07,17.12,185.6653191,68.135,112.1,43.965,89.49331915,B,8.212616414,21.31361612,13.1009997
11/12/2021,21.516,26.456,4.94,23.78097917,7.199703675,7.337887664,0.13818399,7.276586745,170.67,190.04,19.37,181.2622917,59.657,111.54,51.883,84.54716667,B,8.242765853,23.04487355,14.8021077
12/12/2021,22.495,26.767,4.272,24.48625,7.151612861,7.276908136,0.125295276,7.209569931,166.11,182.17,16.06,174.3783333,65.824,109.82,43.996,85.6046875,B,8.198591225,22.29418082,14.0955896
13/12/2021,23.552,27.831,4.279,25.69712766,7.079851969,7.225328871,0.145476903,7.156232658,159.31,173.07,13.76,166.0076596,65.616,113.33,47.714,89.40489362,B,7.94399973,22.03926953,14.0952698
14/12/2021,24.869,28.033,3.164,26.29860417,7.084614698,7.198449344,0.113834646,7.137149196,159.88,167.45,7.57,164.3766667,60.572,106.4,45.828,83.64029167,B,7.941867166,30.72119213,22.77932496
15/12/2021,24.47,26.438,1.968,25.38661702,7.099695801,7.576367717,0.476671916,7.258701994,161.42,168.75,7.33,164.9931915,46.231,94.846,48.615,72.44295745,B,8.96022719,42.07902458,33.11879739
16/12/2021,23.126,28.835,5.709,25.5480625,7.152525459,8.061951181,0.909425722,7.335213878,150.25,165.73,15.48,159.2475,67.248,103.4,36.152,84.65866667,B,7.735531302,38.35340281,30.61787151
17/12/2021,23.356,27.296,3.94,25.37602083,7.037390289,7.15853937,0.121149081,7.099559564,159.09,171.74,12.65,165.2497917,69.068,106.23,37.162,89.56960417,B,8.225666698,41.0461824,32.8205157
18/12/2021,24.627,26.171,1.544,25.20246809,7.041108661,7.079685564,0.038576903,7.058541794,162.08,169.44,7.36,166.3119149,70.567,91.138,20.571,80.96982979,B,8.469796794,51.90263538,43.43283859
19/12/2021,22.627,24.887,2.26,23.8609375,7.047985302,7.101238583,0.053253281,7.060992995,164.66,168.8,4.14,167.158125,62.778,76.804,14.026,68.4654375,B,12.63468438,54.70789705,42.07321267
20/12/2021,21.214,27.83,6.616,24.03317021,7.003017323,7.238740682,0.23572336,7.087968577,160.56,171.74,11.18,167.4887234,62.798,101.66,38.862,80.621,B,7.969543767,53.51603499,45.54649122
21/12/2021,22.681,29.577,6.896,25.31316667,6.997333596,7.445786877,0.448453281,7.20895351,158.94,172.47,13.53,168.0779167,70.522,106.44,35.918,89.208875,B,7.735791184,61.41444626,53.67865508
22/12/2021,24.239,30.364,6.125,26.94710638,6.975530709,7.491054068,0.51552336,7.168978338,158.14,172.64,14.5,167.7955319,74.666,111.15,36.484,93.231,B,7.386105283,64.691894,57.30578872
23/12/2021,24.421,31.046,6.625,27.04208333,6.989928346,7.978151444,0.988223097,7.238209859,158.83,173.96,15.13,168.28375,74.496,109.52,35.024,92.24841667,B,7.39665512,62.87782919,55.48117407
24/12/2021,24.508,29.79,5.282,26.77433333,7.037325722,8.043613911,1.006288189,7.196030545,157.33,172.35,15.02,167.275625,69.5,114.72,45.22,92.39466667,B,7.493881719,62.95254296,55.45866124
25/12/2021,25.504,29.471,3.967,27.29942553,7.002390289,7.28717874,0.284788451,7.059777713,160.5,170.44,9.94,165.9121277,72.81,105.95,33.14,90.67555319,B,7.639686457,64.22014701,56.58046055
26/12/2021,25.095,30.944,5.849,27.23741667,6.995706562,7.502727297,0.507020735,7.184345226,152.53,171.84,19.31,163.5354167,76.765,102.15,25.385,89.92489583,B,7.362473562,47.927413,40.56493944
27/12/2021,23.421,28.666,5.245,25.81582979,7.092894488,7.407024672,0.314130184,7.194489602,147.99,161.86,13.87,155.842766,74.203,110.92,36.717,91.89344681,B,7.8071529,53.56221863,45.75506573
28/12/2021,22.85,26.812,3.962,24.54545833,6.960012861,7.316054593,0.356041732,7.094436991,147.21,160.08,12.87,154.5764583,73.163,106.73,33.567,90.53227083,B,8.190371221,63.41556651,55.22519529
29/12/2021,22.608,28.154,5.546,25.060875,6.95347769,7.542319423,0.588841732,7.116268094,145.48,163.97,18.49,156.4491667,73.614,116.19,42.576,95.25579167,B,7.889450735,63.72597811,55.83652738
30/12/2021,24.11,28.99,4.88,26.31346809,6.892412336,7.827684252,0.935271916,7.107778338,153.37,168.76,15.39,162.7023404,78.465,117.48,39.015,98.07602128,B,7.702300953,73.30051533,65.59821438
31/12/2021,25.162,29.206,4.044,27.1570625,6.867577165,7.380565354,0.512988189,7.063434859,152.66,169.22,16.56,161.9179167,73.438,115.63,42.192,97.48654167,B,7.574730335,72.80817142,65.23344109
1/01/2022,26.016,29.732,3.716,27.74712766,6.917476903,7.272881365,0.355404462,7.057562568,150.43,166.05,15.62,158.7778723,29.783,106.45,76.667,78.10442553,B,7.625051368,72.824807,65.19975563
2/01/2022,26.442,30.511,4.069,27.7584375,6.890574278,8.811981102,1.921406824,7.237522457,145.24,161.96,16.72,155.5383333,36.289,103.39,67.101,77.3928125,B,7.413928257,78.06459155,70.6506633
3/01/2022,25.982,32.128,6.146,28.3370625,6.961234383,8.845976115,1.884741732,7.357324393,138.3,157.25,18.95,149.7414583,60.226,112.26,52.034,85.80391667,B,7.162039983,79.36894156,72.20690158
4/01/2022,26.433,30.307,3.874,28.25846809,7.050899213,7.902475853,0.85157664,7.188842793,140.08,155.17,15.09,149.1542553,50.415,116.43,66.015,83.61214894,B,7.431918526,82.26651111,74.83459258
5/01/2022,25.211,28.091,2.88,26.90425,7.005029134,8.090705774,1.08567664,7.234453658,152,157.35,5.35,154.75125,51.078,87.981,36.903,70.578125,B,8.046981087,74.47127553,66.42429444
6/01/2022,23.661,26.585,2.924,24.74868085,7.039593963,8.416089239,1.376495276,7.284965321,149.52,156.12,6.6,152.893617,36.544,76.691,40.147,59.53993617,B,9.07973768,67.97758824,58.89785056
7/01/2022,22.963,25.801,2.838,24.112125,7.034423885,8.200765617,1.166341732,7.259532923,149.54,153.98,4.44,151.3829167,44.033,111.16,67.127,71.86247917,B,8.354472906,71.54120433,63.18673143
8/01/2022,23.501,28.616,5.115,25.975,7.173207349,9.403849081,2.230641732,8.007085721,139.11,156.3,17.19,147.7451064,61.484,139.41,77.926,99.17457447,B,7.996910461,67.29369628,59.29678582
13/01/2022,24.68,27.532,2.852,26.20331915,7.206812861,8.503556955,1.296744094,7.540977835,138.94,147.33,8.39,144.037234,37.794,128.11,90.316,83.97617021,B,7.955976541,62.6171334,54.66115686
14/01/2022,24.76,28.815,4.055,25.8871875,7.132593963,7.83830315,0.705709186,7.378735154,144.01,152.61,8.6,147.895625,34.671,132.45,97.779,78.08291667,B,7.845971539,76.82695486,68.98098332
15/01/2022,24.594,30.465,5.871,27.2483125,7.09334252,8.575754068,1.482411549,7.42906209,141.23,148.49,7.26,145.1352083,19.363,143.23,123.867,92.0975625,B,7.399063479,90.20891979,82.80985631
16/01/2022,25.599,30.301,4.702,28.0463617,7.180872441,8.290016535,1.109144094,7.466070827,138.28,151.06,12.78,144.9734043,66.784,135.09,68.306,107.3317872,B,7.422568339,53.99538801,46.57281967
17/01/2022,26.993,29.135,2.142,27.84541667,7.149272178,7.562683727,0.413411549,7.246674688,140.45,148.65,8.2,143.5670833,80.959,124.81,43.851,98.71547917,B,7.759757665,24.85096525,17.09120759
18/01/2022,26.022,29.949,3.927,27.67721277,7.158390551,7.514674016,0.356283465,7.221225269,145.48,152.05,6.57,149.2214894,42.491,106.46,63.969,77.2623617,B,7.563614155,67.46494386,59.9013297
19/01/2022,24.806,27.986,3.18,26.25158333,7.288897113,8.370955381,1.082058268,7.55573937,148.61,157.71,9.1,153.3025,72.834,99.795,26.961,84.17158333,B,8.014576603,35.29419491,27.27961831
20/01/2022,22.943,25.214,2.271,23.90529167,7.231564304,8.081673491,0.850109186,7.492245472,155.45,160.16,4.71,158.1510417,52.365,101.82,49.455,78.01033333,B,8.288038893,65.32868068,57.04064178
21/01/2022,21.772,25.496,3.724,23.31546809,7.320329134,7.577552493,0.25722336,7.445162942,150.92,161.34,10.42,157.5180851,41.063,109.06,67.997,78.18138298,B,8.321704642,59.47573918,51.15403454
22/01/2022,22.09,26.682,4.592,24.05491667,7.287361417,8.794870604,1.507509186,7.668699738,159.38,169.9,10.52,164.2641667,43.1,114.54,71.44,81.52695833,B,8.127164599,51.18003542,43.05287082
23/01/2022,22.725,27.505,4.78,24.85738298,7.342226247,8.350086614,1.007860367,7.593102491,152.4,165.55,13.15,158.9870213,68.069,106.14,38.071,85.58740426,B,8.005961904,40.99082405,32.98486215
24/01/2022,23.608,26.741,3.133,24.9915625,7.247356168,7.7070979,0.459741732,7.335143586,158.86,173.44,14.58,166.393125,62.76,99.025,36.265,81.43927083,B,8.20406408,33.8362369,25.63217282
25/01/2022,23.875,25.067,1.192,24.45995745,7.242690814,7.493844094,0.251153281,7.300929273,153.03,172.06,19.03,160.696383,37.055,84.333,47.278,61.94108511,B,8.669464302,35.18099833,26.51153403
26/01/2022,23.706,27.707,4.001,25.30913636,7.2373021,8.654127559,1.416825459,7.529293146,135.46,169.73,34.27,158.3329545,34.996,88.6,53.604,62.21477273,B,8.099514514,55.18739886,47.08788435
27/01/2022,24.355,27.765,3.41,26.00670833,7.256734383,8.039627297,0.782892913,7.518388862,131.35,166.17,34.82,156.7539583,30.428,90.207,59.779,60.11697917,B,8.067881934,55.99652534,47.9286434
28/01/2022,26.284,30.394,4.11,28.14723404,7.360034121,8.141457218,0.781423097,7.635216748,113.33,144.73,31.4,129.8342553,39.426,106.95,67.524,71.90348936,B,7.586093684,57.41201086,49.82591717
29/01/2022,27.772,30.569,2.797,28.79727083,7.177512861,7.907305774,0.729792913,7.348018127,129.21,155.83,26.62,143.5008333,26.088,111.83,85.742,59.0793125,B,7.4777308,67.65052372,60.17279292
30/01/2022,27.241,28.777,1.536,28.04079545,7.230496325,7.998289239,0.767792913,7.397172554,151.87,160.41,8.54,155.4334091,18.818,89.601,70.783,49.32318182,B,7.730989759,71.55302056,63.8220308
31/01/2022,26.437,30.889,4.452,28.49746809,7.188786614,8.011202887,0.822416273,7.397421243,155.94,165.68,9.74,159.2478723,23.614,109.78,86.166,61.23065957,B,7.446684751,69.02752892,61.58084416
1/02/2022,26.757,29.545,2.788,28.2225625,7.23812126,7.805649344,0.567528084,7.431821736,140.19,165.51,25.32,153.4291667,9.1157,65.174,56.0583,39.57355625,B,7.840379506,67.16125385,59.32087435
2/02/2022,24.359,28.056,3.697,25.89191429,7.216074541,8.228667454,1.012592913,7.497293671,160.15,168.43,8.28,163.1328571,32.184,97.828,65.644,63.88217143,B,7.98704644,66.5874169,58.60037046
4/02/2022,23.551,25.827,2.276,25.14255556,8.0018,8.480866545,0.479066545,8.247113515,169.29,179.28,9.99,172.3788889,97.57,103.25,5.68,100.8054444,B,8.762035027,29.4648945,20.70285948
5/02/2022,24.257,24.689,0.432,24.5198,7.964299818,8.294644182,0.330344364,8.137902,172.77,173.37,0.6,173.064,93.192,99.621,6.429,96.094,B,9.158529705,40.46929815,31.31076844
6/02/2022,22.25,22.684,0.434,22.499,7.366066364,7.986988545,0.620922182,7.748567682,138.06,175.41,37.35,155.89,86.065,92.145,6.08,89.669875,B,9.21838265,37.99093803,28.77255538
7/02/2022,22.082,25.754,3.672,23.84059091,7.361266182,8.227577091,0.866310909,7.693005364,131.74,167.29,35.55,150.5477273,76.71,103.88,27.17,93.72718182,B,8.35354952,30.42373042,22.0701809
8/02/2022,20.538,26.551,6.013,23.221125,7.177987091,8.080287273,0.902300182,7.481868735,168.92,206.54,37.62,193.5166667,70.283,103.88,33.597,84.64495833,B,8.252477954,34.5772441,26.32476615
9/02/2022,23.285,25.724,2.439,24.44751064,7.252431273,7.948341818,0.695910545,7.517750828,176.21,196.63,20.42,187.0640426,67.348,92.559,25.211,80.62410638,B,8.543599701,41.12138939,32.57778969
10/02/2022,23.724,27.611,3.887,25.40102083,7.381163455,8.940963091,1.559799636,7.683857788,166.96,179.64,12.68,173.468125,66.116,102.37,36.254,83.53422917,B,8.018767866,41.60871334,33.58994547
11/02/2022,23.197,27.821,4.624,25.31270213,7.394140364,8.669973273,1.275832909,7.770674677,174.07,183.05,8.98,179.3378723,72.157,107.19,35.033,89.57861702,B,8.13396363,39.5693377,31.43537407
12/02/2022,23.878,27.191,3.313,25.34733333,7.437917455,8.982627818,1.544710364,8.106194758,178.99,192.45,13.46,184.5891667,68.187,101.45,33.263,87.25866667,B,8.019579279,36.49758216,28.47800289
13/02/2022,23.916,27.404,3.488,25.35691489,7.710137818,8.715393455,1.005255636,7.947662356,192.53,199.11,6.58,195.5034043,64.548,105.56,41.012,84.29823404,B,8.161866502,42.05834305,33.89647655
14/02/2022,24.12,27.921,3.801,25.93289583,7.669804364,8.487014727,0.817210364,7.994675477,187.07,198.73,11.66,192.6829167,65.027,103.38,38.353,79.78241667,B,8.100092321,40.52957729,32.42948497
15/02/2022,24.99,28.882,3.892,26.91904167,7.624336545,8.415736,0.791399455,7.842441174,188.53,197.41,8.88,192.7679167,47.244,97.494,50.25,73.06175,B,7.871462304,55.84781016,47.97634785
16/02/2022,25.328,29.287,3.959,27.18687234,7.672546909,9.033468364,1.360921455,8.111048356,189.05,198.52,9.47,193.6904255,46.282,97.298,51.016,73.71423404,B,7.946700976,54.9969021,47.05020113
17/02/2022,25.157,28.778,3.621,26.77595833,8.018412545,8.974567455,0.956154909,8.320003144,177.14,197.84,20.7,188.52875,63.53,93.947,30.417,77.8260625,B,7.693124173,48.3428412,40.64971702
18/02/2022,23.815,28.018,4.203,25.47576087,7.210570092,8.362755636,1.152185544,7.950157766,176.48,193.84,17.36,184.9747826,53.963,98.794,44.831,75.41606522,B,8.080782123,61.97590404,53.89512191
19/02/2022,23.438,27.773,4.335,25.2816383,7.116962846,8.127573123,1.010610277,7.447052338,157.14,181.13,23.99,166.2610638,74.788,105.49,30.702,88.48810638,B,9.532039768,30.46026488,20.92822512
20/02/2022,24.628,27.642,3.014,25.87185417,7.212874638,8.608067391,1.395192754,7.651578706,157.88,166.67,8.79,162.7585417,76.542,108.82,32.278,90.1640625,B,8.897537519,30.57857851,21.68104099
21/02/2022,24.092,27.831,3.739,25.73876596,7.233121476,8.778952899,1.545831423,7.815265534,157.24,166.67,9.43,161.4514894,73.751,105.31,31.559,90.16476596,B,8.559541195,30.33001986,21.77047867
22/02/2022,23.763,26.657,2.894,25.1555625,7.361542029,9.135273452,1.773731423,8.077042301,151.53,162.29,10.76,157.1833333,76.527,106.28,29.753,89.14379167,B,8.256582074,26.84673625,18.59015417
23/02/2022,24.111,26.68,2.569,25.31047917,7.264018775,8.017637813,0.753619038,7.557796187,153.37,163.75,10.38,158.205,70.469,103.09,32.621,87.3605625,B,8.510883685,36.36927518,27.85839149
24/02/2022,24.559,29.766,5.207,26.26506383,7.289274374,8.22122332,0.931948946,7.605586518,145.62,159.23,13.61,153.9540426,57.191,107.1,49.909,84.29091489,B,7.938591892,29.25938277,21.32079088
25/02/2022,25.481,29.947,4.466,27.11154167,7.248386166,8.138670158,0.890283992,7.501641033,146.72,158.23,11.51,154.8847917,50.544,100.67,50.126,77.64935417,B,7.604048465,35.96398946,28.359941
26/02/2022,24.458,28.991,4.533,26.112,7.191180435,7.876864427,0.685683992,7.340282693,148.97,159.89,10.92,156.2857447,51.715,92.415,40.7,70.48482979,B,8.764688796,49.17087348,40.40618469
27/02/2022,23.932,28.717,4.785,25.71347917,7.032681357,7.403302503,0.370621146,7.219369211,152.43,161.82,9.39,158.2916667,40.385,82.883,42.498,62.592375,B,8.571854314,56.45681365,47.88495933
28/02/2022,24.409,26.659,2.25,25.334125,6.982416403,7.793214295,0.810797892,7.248656431,153.11,162.1,8.99,158.7464583,47.164,88.367,41.203,66.33245833,B,8.459272784,53.69273085,45.23345806
1/03/2022,23.305,24.627,1.322,23.89108511,7.073407049,7.444999802,0.371592754,7.15075474,142.2,159.62,17.42,153.0389362,31.181,81.675,50.494,58.27825532,B,23.30722674,72.15278951,48.84556277
2/03/2022,22.427,24.469,2.042,23.1825,7.089939987,7.849329117,0.75938913,7.44137836,152.56,161.39,8.83,158.1195833,45.456,91.072,45.616,63.9545625,B,10.11835534,71.45959624,61.34124091
3/03/2022,21.951,27.244,5.293,24.28789362,7.45957444,8.195275955,0.735701515,7.70547432,146.54,160.37,13.83,155.2123404,52.603,103.01,50.407,78.71931915,B,8.109147926,54.84984355,46.74069562
4/03/2022,22.848,26.391,3.543,24.7075,7.520347563,8.715296509,1.194948946,7.811323205,148.94,162.64,13.7,156.925,49.134,107.91,58.776,81.39922917,B,8.249055203,46.53401186,38.28495666
5/03/2022,23.357,26.124,2.767,24.69116667,7.605715547,8.949673254,1.343957708,8.057118758,144.09,162.51,18.42,154.81,70.727,102.47,31.743,85.0935625,B,8.519834502,37.28086264,28.76102813
6/03/2022,22.087,27.136,5.049,24.57593617,7.717227339,8.603428854,0.886201515,7.897099558,143.66,159.44,15.78,153.5195745,61.281,98.35,37.069,81.39914894,B,8.195693445,45.61197145,37.416278
7/03/2022,23.626,28.2,4.574,25.717625,7.646895323,8.425579315,0.778683992,7.85427402,145.39,159.64,14.25,155.4779167,54.855,105.17,50.315,79.79079167,B,7.876182656,45.90754374,38.03136108
8/03/2022,23.936,25.699,1.763,24.74021277,7.639950922,8.435043676,0.795092754,7.768806372,151.94,160.97,9.03,156.2417021,54.799,92.997,38.198,75.75291489,B,8.499395883,50.32141942,41.82202354
9/03/2022,22.304,27.239,4.935,24.43533333,7.71793643,8.018255468,0.300319038,7.821739699,146.36,156.25,9.89,153.17,56.711,95.515,38.804,75.13933333,B,8.143785017,49.5986528,41.45486779
10/03/2022,21.76,26.554,4.794,23.92804255,7.69336726,8.260823452,0.567456192,7.862051483,137.98,156.42,18.44,148.8759574,57.812,100.89,43.078,79.17251064,B,8.243857538,47.55856365,39.31470611
11/03/2022,21.247,26.121,4.874,23.24391667,7.692012582,8.436105336,0.744092754,7.87367621,137.82,154,16.18,148.4925,41.734,94.551,52.817,71.65035417,B,8.517320169,56.14612191,47.62880174
12/03/2022,21.275,23.368,2.093,22.26441667,7.762333136,7.940555797,0.178222661,7.841157181,150.4,155.48,5.08,153.9170833,46.135,77.189,31.054,63.4908125,B,8.961944203,47.73564766,38.77370346
13/03/2022,21.062,23.035,1.973,21.99414894,7.747346443,8.099802635,0.352456192,7.872891616,147.48,155.16,7.68,151.1778723,58.838,87.905,29.067,71.02623404,B,9.045593229,52.99653145,43.95093822
14/03/2022,21.052,23.775,2.723,22.3445,7.747028327,8.335858235,0.588829908,7.855512442,145.34,151.97,6.63,148.9958333,61.95,96.278,34.328,77.30816667,B,8.838377944,49.08127408,40.24289613
15/03/2022,21.031,23.005,1.974,21.76348936,7.70665975,8.166470026,0.459810277,7.799017578,150.62,155.4,4.78,152.9297872,41.856,88.486,46.63,66.21934043,B,9.258746071,60.05986981,50.80112373
16/03/2022,20.772,21.592,0.82,21.12395833,7.643325626,7.815757642,0.172432016,7.727901038,153.06,157.34,4.28,155.2614583,54.643,75.155,20.512,63.8705625,B,10.96769138,58.89176013,47.92406874
17/03/2022,20.435,25.375,4.94,22.20366667,7.596913241,8.213484848,0.616571607,7.823846591,149.87,159.41,9.54,154.8852083,52.283,94.489,42.206,71.27377083,B,8.477764585,64.49392931,56.01616472
18/03/2022,21.547,27.029,5.482,24.05889362,7.795925033,8.341014163,0.54508913,7.950425795,149.67,163.12,13.45,158.0240426,38.973,103.98,65.007,71.02812766,B,9.302160982,59.08509347,49.78293249
19/03/2022,22.253,26.355,4.102,24.13929167,7.792541963,8.308543478,0.516001515,7.924189353,153.08,163.43,10.35,158.7029167,41.165,93.931,52.766,66.66602083,B,9.670030787,60.24988855,50.57985776
20/03/2022,22.94,27.531,4.591,24.99110638,7.823374901,8.664337747,0.840962846,8.121632609,111.8,154.96,43.16,140.2910638,42.054,99.207,57.153,70.79859574,B,8.840967579,56.92942064,48.08845307
21/03/2022,22.935,27.431,4.496,24.74127083,7.94228307,8.642923254,0.700640184,8.157440448,91.263,159.13,67.867,133.4475208,44.235,93.723,49.488,67.82497917,B,8.278581117,60.38643626,52.10785515
22/03/2022,23.237,25.714,2.477,24.24082609,7.820426285,8.591461331,0.771035046,8.04703888,150.08,162.38,12.3,156.7469565,42.847,92.262,49.415,69.09669565,B,11.11925874,63.02659524,51.9073365
23/03/2022,22.197,25.438,3.241,23.585125,7.35238913,8.175873123,0.823483992,7.601484009,155.48,164.25,8.77,161.3183333,63.955,104.49,40.535,82.47235417,B,9.115389145,44.87356586,35.75817671
24/03/2022,21.099,24.928,3.829,22.69316667,7.349188538,8.022593676,0.673405138,7.592256645,156.2,167,10.8,162.81,63.062,95.724,32.662,78.187625,B,10.24857486,43.62117623,33.37260137
25/03/2022,20.275,25.111,4.836,22.32651064,7.34343386,8.020879183,0.677445323,7.495072419,156.81,169.04,12.23,164.3510638,59.709,92.337,32.628,74.833,B,10.3532628,43.73284297,33.37958017
26/03/2022,20.393,23.859,3.466,21.87470833,7.311342029,8.026834783,0.715492754,7.46031399,157.36,170.18,12.82,165.3427083,50.771,90.45,39.679,69.7199375,B,13.39598711,49.06241784,35.66643073
27/03/2022,20.314,22.272,1.958,21.23142553,7.314858959,7.854737813,0.539878854,7.482849445,162.49,168.97,6.48,166.066383,45.801,87.83,42.029,67.06191489,B,17.12870213,52.71660449,35.58790235
28/03/2022,20.266,23.822,3.556,21.92316667,7.448553228,7.782684651,0.334131423,7.567406752,159.89,169.5,9.61,166.1133333,58.615,93.224,34.609,76.46120833,B,9.99562126,41.62787248,31.63225122
29/03/2022,20.414,24.357,3.943,22.18587234,7.282696443,7.529172266,0.246475823,7.389403067,160.36,173.33,12.97,168.0678723,54.032,87.04,33.008,71.06225532,B,9.835558717,48.23161928,38.39606056
30/03/2022,20.768,25.664,4.896,22.56287234,7.297627866,8.374946904,1.077319038,7.477780816,163,176.02,13.02,170.8059574,57.79,95.046,37.256,74.9917234,B,9.318813471,54.28938933,44.97057586
31/03/2022,19.604,23.224,3.62,21.23414583,7.442348419,7.929076219,0.4867278,7.584346723,164.94,175.41,10.47,171.4672917,63.325,94.963,31.638,79.33622917,B,9.137005965,40.97892224,31.84191628
1/04/2022,18.928,22.542,3.614,20.35922917,7.47001278,8.406805534,0.936792754,7.692992276,165.43,174.68,9.25,171.33875,53.707,98.355,44.648,74.62583333,B,9.189826862,50.04125499,40.85142813
2/04/2022,18.046,21.592,3.546,19.72021277,7.608824572,8.265973518,0.657148946,7.807889034,165.31,174.78,9.47,171.7470213,58.304,98.432,40.128,78.11968085,B,9.394251631,42.93846367,33.54421204
3/04/2022,18.303,22.242,3.939,19.84814583,7.460707971,7.716439987,0.255732016,7.567966288,163,173.74,10.74,169.0541667,50.315,94.59,44.275,72.91229167,B,9.592775533,49.5232564,39.93048087
4/04/2022,18.415,22.467,4.052,20.34551064,7.398154809,7.786158432,0.388003623,7.521963932,163.24,174.16,10.92,170.5823404,48.192,93.105,44.913,72.94529787,B,9.343742829,49.67650424,40.33276141
5/04/2022,18.525,23.713,5.188,20.82429167,7.367066601,7.777965086,0.410898485,7.484829883,165.61,175.45,9.84,171.803125,45.66,106.74,61.08,72.2928125,B,10.65118812,51.596714,40.94552588
11/11/2021,18.16,21.33,3.17,19.14306122,7.5,8.18,0.68,7.836122449,366,380,14,369.5918367,0,93.1,93.1,26.65102041,C,35.61962068,66.29343464,30.67381396
12/11/2021,16.4,18.35,1.95,17.48520833,7.81,8.01,0.2,7.942083333,364,369,5,365.0833333,17.8,61.1,43.3,39.54166667,C,44.47314737,61.5663968,17.09324943
13/11/2021,14.51,16.29,1.78,15.28770833,7.86,8.13,0.27,7.9975,359,365,6,361.75,38.6,70.9,32.3,50.44166667,C,33.35586372,54.33295386,20.97709014
14/11/2021,13.88,16.26,2.38,15.06166667,7.94,8.12,0.18,8.024375,360,365,5,362.4166667,34.4,68.7,34.3,48.02083333,C,28.59750495,49.87886498,21.28136003
15/11/2021,13.75,16.39,2.64,15.129375,7.9,8.07,0.17,7.9775,362,367,5,364.6458333,29.3,61.7,32.4,42.38541667,C,28.67946011,51.45150559,22.77204549
16/11/2021,14.71,19.51,4.8,16.785625,7.68,7.91,0.23,7.808541667,366,371,5,368.4166667,10.3,39.4,29.1,23.62708333,C,11.02471362,59.9976498,48.97293617
17/11/2021,16.18,26.77,10.59,19.921875,7.66,8.2,0.54,7.87625,369,380,11,373.2916667,2.2,68.8,66.6,32.15833333,C,7.875637782,68.7880846,60.91244682
18/11/2021,17.93,23.28,5.35,20.73666667,7.66,8.63,0.97,8.1625,372,380,8,375.0416667,6.3,111.5,105.2,57.66666667,C,33.30399757,35.37240933,2.068411763
19/11/2021,19.19,22.31,3.12,20.20708333,7.81,8.36,0.55,8.035416667,369,389,20,375.9375,26.7,83.7,57,48.75,C,9.464374292,59.28497421,49.82059992
20/11/2021,18.7,20.21,1.51,19.33354167,7.51,8,0.49,7.730416667,373,378,5,375.1041667,0,36.3,36.3,11.96875,C,37.38876447,80.9723706,43.58360613
21/11/2021,17.52,21.15,3.63,19.000625,7.51,8.03,0.52,7.797291667,373,376,3,374.3958333,0,39.6,39.6,15.09583333,C,17.55978877,80.65094832,63.09115955
22/11/2021,17.99,23.44,5.45,20.39729167,7.62,8.24,0.62,7.946041667,375,381,6,377.4166667,3.4,62.6,59.2,34.14583333,C,11.31816209,66.03869616,54.72053407
23/11/2021,18.83,21.94,3.11,20.44958333,7.66,8.3,0.64,7.987083333,379,384,5,380.7916667,11.6,66.5,54.9,35.7,C,14.77020706,51.97965155,37.20944449
24/11/2021,20.08,22.09,2.01,20.95729167,7.51,7.94,0.43,7.720625,380,384,4,382.6041667,0,36.9,36.9,13.90208333,C,19.03439149,66.13817713,47.10378564
25/11/2021,20.82,22.34,1.52,21.44791667,7.38,7.77,0.39,7.541458333,380,383,3,381.7916667,0,11.9,11.9,0.90625,C,25.55015298,80.55462374,55.00447077
26/11/2021,18.34,21.72,3.38,19.73958333,7.37,7.59,0.22,7.467708333,369,383,14,376.8541667,0,2.7,2.7,0.075,C,67.43269923,102.9164859,35.48378666
27/11/2021,17.34,20.13,2.79,18.68541667,7.43,7.74,0.31,7.572291667,368,374,6,370.5625,0,19.7,19.7,6.19375,C,36.5122265,89.37868351,52.86645701
28/11/2021,17.57,22.64,5.07,19.908125,7.51,7.99,0.48,7.713958333,372,379,7,375.2916667,0,23.4,23.4,7.020833333,C,13.44456235,85.36583277,71.92127042
29/11/2021,20.37,21.23,0.86,20.78714286,7.72,7.8,0.08,7.771428571,378,379,1,378.1428571,0,6.8,6.8,1.371428571,C,9.905298579,77.80174034,67.89644176
1/12/2021,22.47,31.99,9.52,25.81958333,7.67,8.66,0.99,8.2575,325,358,33,341.4375,18.3,133.8,115.5,68.6875,C,9.452456335,56.59702185,47.14456552
3/12/2021,24.44,28.42,3.98,26.29645833,7.56,8.14,0.58,7.862083333,347,355,8,351.0625,0,63.7,63.7,31.28958333,C,10.12355315,76.17490353,66.05135038
4/12/2021,22.46,25.44,2.98,23.888125,7.47,7.95,0.48,7.710833333,355,368,13,360.875,0,40.8,40.8,15.075,C,10.66349226,97.31790738,86.65441511
5/12/2021,19.97,28.24,8.27,23.24895833,7.59,8.49,0.9,7.967916667,367,377,10,370.7291667,0,83.6,83.6,34.68333333,C,8.244084229,97.21831528,88.97423105
6/12/2021,19.51,22.56,3.05,21.18125,7.76,8.23,0.47,7.979583333,375,384,9,379.8125,16.4,68,51.6,39.81875,C,10.50673726,76.442988,65.93625074
7/12/2021,20.13,28.62,8.49,23.39458333,7.64,8.33,0.69,7.907083333,383,397,14,387.75,5.4,86.7,81.3,40.40833333,C,7.65581342,98.30885723,90.65304381
8/12/2021,19.1,22.64,3.54,20.9225,7.54,8.07,0.53,7.765208333,393,401,8,396.0208333,0,49.1,49.1,23.68333333,C,9.633929239,106.2165127,96.58258343
9/12/2021,17.44,21.79,4.35,19.11645833,7.63,8.17,0.54,7.82625,399,407,8,402.3333333,0,52.1,52.1,22.33333333,C,9.808659672,92.32755925,82.51889958
10/12/2021,17.28,21.97,4.69,19.51625,7.58,7.99,0.41,7.713958333,404,411,7,407.7291667,0,44.1,44.1,13.37083333,C,8.843553731,89.77178839,80.92823466
11/12/2021,18.82,26.09,7.27,21.8025,7.59,8.06,0.47,7.75375,397,416,19,410.3333333,0,57.1,57.1,19.025,C,7.674815672,107.0106053,99.33578967
12/12/2021,20.81,23.36,2.55,22.04,7.83,8.05,0.22,7.938333333,408,416,8,410.8333333,9,24.9,15.9,16.4,C,55.62676705,74.29623045,18.6694634
16/12/2021,22.34,25.57,3.23,24.35444444,7.82,8.1,0.28,8.014444444,400,404,4,402.4074074,41.6,70.5,28.9,55.98888889,C,25.46386872,42.73455685,17.27068813
17/12/2021,21.6,32.34,10.74,26.36208333,7.9,8.76,0.86,8.24875,397,410,13,403.375,30.5,162.8,132.3,75.79583333,C,6.174599886,51.67397257,45.49937268
18/12/2021,24.29,29.26,4.97,26.434375,7.95,8.56,0.61,8.278958333,352,405,53,394.375,39.1,106.8,67.7,74.6875,C,13.56711305,35.34936885,21.7822558
19/12/2021,22.57,25.81,3.24,23.998125,7.61,8.01,0.4,7.89,353,402,49,379.0208333,12.9,53.3,40.4,35.72916667,C,35.00516372,57.36085322,22.3556895
20/12/2021,20.21,27.32,7.11,23.02958333,7.59,8.32,0.73,7.917916667,354,370,16,361.2083333,6.3,88.1,81.8,44.84791667,C,7.201303023,60.44638314,53.24508012
21/12/2021,21.57,29.7,8.13,25.13020833,7.83,8.53,0.7,8.13375,356,367,11,360.3541667,34.3,100.7,66.4,63.38125,C,9.40652441,36.35651255,26.94998814
22/12/2021,22.83,29,6.17,25.53958333,7.51,8.37,0.86,8.04375,347,370,23,359.625,0,71.6,71.6,42.98125,C,8.396029726,36.09280865,27.69677892
23/12/2021,23.38,29.69,6.31,25.92,7.46,8.53,1.07,8.075625,343,357,14,350.4791667,0,84.9,84.9,32.47708333,C,7.15795132,39.41105708,32.25310576
24/12/2021,23.51,29.34,5.83,26.15333333,7.99,8.83,0.84,8.373125,335,354,19,346.3125,NA,NA,NA,NA,C,8.303261081,11.77911029,3.475849209
25/12/2021,24.67,30.51,5.84,27.20583333,8.05,8.88,0.83,8.449583333,331,345,14,337.1875,NA,NA,NA,NA,C,8.062649606,15.44153066,7.378881056
27/12/2021,20.72,26.46,5.74,23.29583333,7.88,8.93,1.05,8.337083333,325,340,15,333.5208333,0,103.4,103.4,41.65208333,C,6.503322429,17.51424089,11.01091846
28/12/2021,20.05,25.27,5.22,22.525625,8.34,8.77,0.43,8.558333333,327,339,12,333.2916667,8.9,62.2,53.3,29.68333333,C,6.769605725,10.45364379,3.684038064
29/12/2021,20.88,22.58,1.7,21.67727273,8.38,8.7,0.32,8.581818182,334,338,4,335.4545455,7.4,33,25.6,19.04545455,C,7.339291492,11.09561496,3.756323469
11/01/2022,25.12,28.44,3.32,26.216875,8.6,9.61,1.01,9.1025,201,265,64,232.1458333,NA,NA,NA,NA,C,7.493201892,9.907902322,2.41470043
12/01/2022,24.65,29.72,5.07,26.86645833,8.66,9.5,0.84,9.090625,240,266,26,251.7916667,NA,NA,NA,NA,C,7.656928555,9.824964149,2.168035594
14/01/2022,23.64,27.68,4.04,24.86979167,7.95,9.07,1.12,8.60375,190,229,39,211.7916667,NA,NA,NA,NA,C,7.492668807,16.56096562,9.068296814
15/01/2022,24.36,25.88,1.52,25.008125,7.39,8.57,1.18,7.77375,187,201,14,191.8125,NA,NA,NA,NA,C,8.440927251,39.74718332,31.30625607
16/01/2022,24.65,26.41,1.76,25.31395833,7.26,8.26,1,7.559375,185,199,14,192.125,NA,NA,NA,NA,C,14.08186841,56.60644116,42.52457275
17/01/2022,25.54,26.99,1.45,26.10604167,7.26,8.49,1.23,7.57625,182,196,14,189.25,NA,NA,NA,NA,C,12.54337616,59.65514021,47.11176406
18/01/2022,24.94,26.94,2,25.60104167,7.17,7.49,0.32,7.262083333,190,201,11,196.0416667,NA,NA,NA,NA,C,40.44134777,84.03384466,43.59249689
19/01/2022,24.26,26.79,2.53,25.55173913,7.11,7.79,0.68,7.479347826,195,206,11,198.9782609,NA,NA,NA,NA,C,31.34591868,95.89163949,64.54572081
21/01/2022,20.77,24.22,3.45,22.93259259,7.6,7.82,0.22,7.722592593,210,215,5,213.6296296,0,30.9,30.9,7.759259259,C,30.88352033,40.55678263,9.673262295
22/01/2022,21.16,26.87,5.71,23.43166667,7.41,8.24,0.83,7.695625,214,222,8,217.3333333,NA,NA,NA,NA,C,20.9419319,51.15620858,30.21427669
23/01/2022,21.94,27.58,5.64,24.33625,7.53,8.41,0.88,7.853541667,219,228,9,222.8958333,NA,NA,NA,NA,C,16.16824769,50.20578588,34.0375382
24/01/2022,22.64,25.37,2.73,23.99833333,7.54,8.04,0.5,7.675625,220,227,7,223.625,NA,NA,NA,NA,C,21.68098113,50.44548558,28.76450446
25/01/2022,22.51,24.7,2.19,23.75229167,7.24,7.71,0.47,7.476041667,226,230,4,228.0208333,NA,NA,NA,NA,C,38.50741992,72.51292276,34.00550283
26/01/2022,22.72,31.65,8.93,26.481875,7.21,8.57,1.36,7.707291667,222,232,10,228.5625,NA,NA,NA,NA,C,13.8791096,83.18222934,69.30311974
27/01/2022,25.67,29.86,4.19,27.555625,7.23,7.91,0.68,7.453541667,219,230,11,222.8125,NA,NA,NA,NA,C,28.9881279,82.26438849,53.27626059
28/01/2022,26.19,30.61,4.42,27.65583333,7.13,8.22,1.09,7.340625,221,230,9,225.3333333,NA,NA,NA,NA,C,5.883238679,87.66613544,81.78289676
29/01/2022,26.3,31.64,5.34,28.05645833,7.2,8.59,1.39,7.492083333,222,246,24,229.75,NA,NA,NA,NA,C,6.106166497,81.87359948,75.76743298
30/01/2022,27.03,28.71,1.68,27.62954545,7.21,7.32,0.11,7.231818182,243,253,10,246.6818182,NA,NA,NA,NA,C,12.65433929,90.63066795,77.97632866
22/02/2022,23.74,27.26,3.52,24.66076923,7.83,9.39,1.56,8.724230769,204,213,9,207.6923077,29,138.7,109.7,69.33461538,C,10.91499483,51.95559977,41.04060495
23/02/2022,23.13,27.31,4.18,25.12208333,8.4,9.23,0.83,8.824583333,209,227,18,223.7291667,37.8,111.1,73.3,71.2875,C,10.1778339,21.10496045,10.92712654
24/02/2022,24.18,27.59,3.41,25.806875,8,9.18,1.18,8.62625,222,229,7,225.2291667,30.6,110.8,80.2,59.45,C,10.68524593,27.90461446,17.21936854
25/02/2022,25.21,25.82,0.61,25.430625,7.94,8.57,0.63,8.299375,225,229,4,226.125,27.6,57.2,29.6,39.11875,C,12.25666191,29.04683632,16.79017441
10/03/2022,21.59,24.37,2.78,22.9936,7.57,9.05,1.48,8.3964,243,271,28,266.44,33.8,107.7,73.9,66.364,C,11.95743336,58.29632465,46.33889128
11/03/2022,20.54,23.44,2.9,21.70333333,7.51,8.74,1.23,7.90875,262,272,10,268.6875,25.6,96.3,70.7,43.12916667,C,17.64972264,64.64166023,46.99193759
12/03/2022,20.64,24.56,3.92,22.15770833,7.56,8.58,1.02,8.123541667,265,271,6,266.5833333,28.6,92.1,63.5,53.02708333,C,19.28774781,71.69294236,52.40519454
13/03/2022,20.81,25.02,4.21,22.38979167,7.43,8.49,1.06,7.782916667,264,268,4,265.25,23.2,91,67.8,43.98541667,C,38.77606871,65.43497501,26.6589063
14/03/2022,20.94,23.17,2.23,21.87416667,7.31,7.99,0.68,7.517083333,261,266,5,263.5,12,54.4,42.4,27.17291667,C,63.33993575,112.3076336,48.96769786
15/03/2022,20.87,22.42,1.55,21.52791667,7.38,8.09,0.71,7.597708333,260,264,4,261.6458333,20.2,64,43.8,36.25208333,C,56.0018574,118.6297395,62.62788214
16/03/2022,20.3,21.81,1.51,20.805625,7.38,7.94,0.56,7.624791667,259,262,3,260.6041667,25.8,57.4,31.6,40.66666667,C,59.58955557,96.20719421,36.61763864
17/03/2022,20.07,23.9,3.83,21.41229167,7.45,8.75,1.3,7.843333333,256,269,13,261.5208333,30.5,91.2,60.7,51.26458333,C,61.08801696,81.54321505,20.45519809
18/03/2022,21.04,25.1,4.06,22.71604167,7.42,8.5,1.08,7.842291667,260,269,9,263.25,28.3,90.6,62.3,54.50416667,C,43.89210334,83.14148164,39.2493783
19/03/2022,21.83,25.32,3.49,23.630625,7.86,8.79,0.93,8.2475,256,264,8,260.125,46.9,97.6,50.7,66.41875,C,29.24333791,77.45508712,48.2117492
20/03/2022,22.69,25.78,3.09,24.09041667,7.41,8.55,1.14,8.065208333,257,264,7,260.75,22.5,83.2,60.7,55.99791667,C,26.08161074,66.23796492,40.15635418
21/03/2022,22.6,25.82,3.22,24.1985,7.4,8.95,1.55,8.11175,255,265,10,261.225,25.9,116.1,90.2,60.1325,C,21.51502976,97.53370294,76.01867319
22/03/2022,23.03,27.21,4.18,24.76133333,7.69,8.81,1.12,8.229666667,282,294,12,289,33.4,110.2,76.8,63.30666667,C,13.43264158,67.1329747,53.70033312
23/03/2022,21.14,23.94,2.8,22.6,7.46,8.25,0.79,7.852083333,278,295,17,283.7083333,22.6,66.9,44.3,46.41666667,C,26.08526297,70.10486857,44.0196056
24/03/2022,20.57,23.84,3.27,21.71791667,7.53,8.67,1.14,8.005625,278,285,7,281.1875,25.6,81.2,55.6,49.75625,C,18.18965104,38.00928773,19.81963669
25/03/2022,19.89,23.37,3.48,21.5075,7.58,8.77,1.19,8.163125,279,284,5,281.2916667,28.5,78.3,49.8,51.81041667,C,13.92242414,59.76765677,45.84523264
26/03/2022,20.06,23.45,3.39,21.54833333,8.07,8.62,0.55,8.366875,279,287,8,283.2291667,45.4,82.5,37.1,65.475,C,15.79431416,35.09054636,19.29623221
27/03/2022,20.24,23.96,3.72,21.88458333,7.84,8.75,0.91,8.290833333,285,302,17,293.4375,41.4,91.3,49.9,64.8875,C,12.6035707,34.12072018,21.51714948
28/03/2022,20.73,23.13,2.4,21.74416667,7.54,8.57,1.03,8.138333333,298,304,6,300,27.2,81.6,54.4,53.84375,C,16.36338257,35.01344483,18.65006226
29/03/2022,20.42,24.34,3.92,22.20270833,7.47,8.77,1.3,8.114583333,301,311,10,304.8333333,18.9,99.2,80.3,55.19166667,C,14.02150236,68.75372848,54.73222612
30/03/2022,19.87,24.33,4.46,21.7175,7.43,8.2,0.77,7.834166667,305,311,6,307.8958333,19,71.9,52.9,43.5375,C,23.12682308,83.06155884,59.93473576
31/03/2022,18.42,21.31,2.89,19.59604167,7.65,8.32,0.67,7.95625,305,310,5,307.2291667,35.8,72.7,36.9,52.69375,C,22.3308789,53.34025123,31.00937234
1/04/2022,17.54,19.82,2.28,18.57541667,7.74,8.19,0.45,7.95375,307,313,6,310.5,43.8,70.2,26.4,54.40833333,C,22.12694943,45.89817094,23.77122151
2/04/2022,16.73,19.51,2.78,18.135625,7.82,8.28,0.46,8.036458333,310,316,6,312.9583333,48.6,74.8,26.2,59.07083333,C,20.3379672,45.67627874,25.33831154
3/04/2022,17.43,20.28,2.85,18.77604167,7.67,8.13,0.46,7.919166667,313,322,9,317.3541667,40.5,71.3,30.8,51.48333333,C,21.73838081,47.89777094,26.15939013
4/04/2022,17.99,20.99,3,19.49104167,7.78,8.21,0.43,7.994791667,318,324,6,321.2708333,39.7,64.6,24.9,53.04791667,C,20.52112034,50.89738597,30.37626563
5/04/2022,18.18,21.88,3.7,20.08708333,7.75,8.39,0.64,7.992708333,323,331,8,327.7083333,32.4,73,40.6,49.79375,C,17.47617017,32.45370954,14.97753937
10/11/2021,21.81,23.59,1.78,22.68729167,7.62,8.34,0.72,7.888125,425.8,428.8,3,427.3104167,55.6,163.1,107.5,85.21458333,A,17.51097045,28.74091936,11.22994891
11/11/2021,20.24,22.33,2.09,21.16291667,7.79,8.11,0.32,7.917708333,423.2,429.4,6.2,427.1604167,77.2,97,19.8,86.52708333,A,26.11940571,34.38285628,8.26345057
12/11/2021,18.41,20.29,1.88,19.32979167,7.71,7.89,0.18,7.765208333,417.5,425.3,7.8,420.34375,73.1,80.8,7.7,76.01458333,A,32.59017923,38.70839902,6.11821979
13/11/2021,16.62,18.37,1.75,17.27833333,7.69,7.94,0.25,7.78625,401.4,418.7,17.3,406.8791667,72,88.8,16.8,79.70208333,A,29.37554739,39.69179647,10.31624908
14/11/2021,15.92,16.99,1.07,16.415625,7.69,8.08,0.39,7.838125,400.5,403.1,2.6,401.9833333,NA,NA,NA,NA,A,25.80601032,37.09399841,11.28798809
15/11/2021,14.62,16.6,1.98,15.6325,7.73,8.21,0.48,7.921875,401,402.9,1.9,401.8041667,79,102.4,23.4,89.1,A,21.78141993,33.456836,11.67541607
16/11/2021,14.94,20.36,5.42,17.13208333,7.73,8.45,0.72,8.080416667,400.8,408,7.2,403.7458333,83.7,120.7,37,100.2604167,A,16.359524,28.99470349,12.63517949
17/11/2021,16.52,21.96,5.44,18.98395833,7.81,8.65,0.84,8.185416667,402.9,410,7.1,405.875,90.7,131.2,40.5,109.3020833,A,13.80586462,23.19378437,9.387919749
18/11/2021,18.27,20.62,2.35,19.56208333,7.84,8.65,0.81,8.201666667,405.7,409.1,3.4,407.5145833,94.7,130.7,36,110.55,A,12.32441211,20.35701356,8.032601453
19/11/2021,18.5,19.38,0.88,18.77291667,7.76,8.39,0.63,8.049583333,405.8,410.1,4.3,407.7958333,84.5,118.2,33.7,99.48333333,A,12.99957274,21.59331256,8.593739819
20/11/2021,17.95,18.82,0.87,18.32916667,7.83,8.54,0.71,8.109583333,402.4,409.2,6.8,406.3583333,82.7,122.6,39.9,101.7916667,A,11.60738126,22.34070358,10.73332232
21/11/2021,17.05,22.2,5.15,19.2575,7.69,8.72,1.03,8.155,405.1,413.8,8.7,408.6895833,74.5,158.1,83.6,108.64375,A,11.98028203,29.62258754,17.64230551
23/11/2021,19.85,22.28,2.43,20.91708333,7.9,8.53,0.63,8.148958333,409.7,415.1,5.4,413.05625,84.3,124.1,39.8,101.04375,A,21.76347968,24.86747468,3.103994999
24/11/2021,20.13,23.13,3,21.32166667,7.87,8.64,0.77,8.170208333,399.9,411.5,11.6,405.8479167,83.2,143.3,60.1,104.8479167,A,9.676070306,28.70210276,19.02603246
25/11/2021,21.55,22.6,1.05,22.06520833,7.82,8.51,0.69,8.120833333,400.6,411.5,10.9,407.9666667,NA,NA,NA,NA,A,10.66215207,29.90107965,19.23892757
26/11/2021,19.64,21.39,1.75,20.16833333,7.84,8.25,0.41,8.002083333,405.5,409.4,3.9,407.4395833,NA,NA,NA,NA,A,12.9229871,30.67448992,17.75150282
27/11/2021,18.66,21.36,2.7,19.91375,7.71,8.46,0.75,8.006875,408,413.2,5.2,410.0958333,72.4,121.6,49.2,92.925,A,10.51324306,37.90842427,27.39518121
28/11/2021,19.12,23.95,4.83,21.37145833,7.75,8.6,0.85,8.136458333,407.7,418.1,10.4,412.3291667,75,139.6,64.6,102.9770833,A,10.05962119,41.01347222,30.95385103
1/12/2021,23.44,27.5,4.06,25.17041667,7.82,8.77,0.95,8.194166667,416.5,423.3,6.8,419.96875,75.5,167.4,91.9,110.6375,A,19.18023672,27.37431631,8.194079587
2/12/2021,23.99,29.28,5.29,26.193125,7.75,8.87,1.12,8.205416667,418,426.5,8.5,421.7333333,72.5,157.3,84.8,106.7583333,A,7.061209553,37.23203552,30.17082596
3/12/2021,24.8,28.54,3.74,26.61645833,7.76,8.81,1.05,8.2225,420.6,432,11.4,426.2916667,73.4,159.3,85.9,108.2979167,A,10.00227273,35.44763644,25.44536371
4/12/2021,23.17,25.98,2.81,24.48916667,7.74,8.39,0.65,7.986875,308.4,430.8,122.4,392.9291667,68.2,120.1,51.9,90.56041667,A,13.51304392,35.15220814,21.63916422
5/12/2021,21.54,23.68,2.14,21.96104167,7.57,7.91,0.34,7.697291667,342.8,348.3,5.5,345.5645833,51.8,84.3,32.5,65.19583333,A,25.5504755,35.38837835,9.837902851
6/12/2021,20.84,23.36,2.52,21.378125,7.47,7.87,0.4,7.6325,345.7,349.2,3.5,347.1583333,42.6,78.7,36.1,64.14583333,A,28.59648356,43.94872647,15.3522429
7/12/2021,21.13,23.4,2.27,21.49520833,7.47,7.85,0.38,7.5975,347,351.4,4.4,348.2666667,44.3,77.3,33,62.29375,A,24.89164327,43.95847524,19.06683197
8/12/2021,20.57,24.03,3.46,21.78270833,7.56,7.87,0.31,7.712083333,345.1,354,8.9,350.8,55.8,83.7,27.9,70.26041667,A,18.37039839,38.57080278,20.20040438
9/12/2021,19.37,21.81,2.44,20.07166667,7.42,7.73,0.31,7.535833333,349.7,354.8,5.1,353.0270833,53,78.6,25.6,63.56875,A,25.49128894,48.59512922,23.10384028
10/12/2021,18.85,19.99,1.14,19.42583333,7.37,7.59,0.22,7.470416667,352.1,358.8,6.7,354.825,46.1,69.5,23.4,59.4125,A,26.45184285,49.8898225,23.43797965
11/12/2021,19.56,20.77,1.21,20.02895833,7.35,7.65,0.3,7.533333333,354.8,362.5,7.7,358.5375,45.4,72.2,26.8,63.58541667,A,14.68895382,46.82147087,32.13251705
12/12/2021,20.31,21.61,1.3,20.98416667,7.37,7.71,0.34,7.538333333,357,364.1,7.1,360.7270833,39.2,79.8,40.6,61.59583333,A,12.64552998,53.694299,41.04876902
13/12/2021,21.41,23.75,2.34,22.36729167,7.35,7.95,0.6,7.619375,361.9,371.4,9.5,365.6604167,45.4,97.1,51.7,73.22291667,A,11.02636027,42.3677694,31.34140913
14/12/2021,23.09,25.06,1.97,24.074375,7.45,7.98,0.53,7.65625,366.6,375.4,8.8,371.1166667,54.2,96.7,42.5,73.72083333,A,10.26005983,40.41767546,30.15761562
15/12/2021,23.37,25.37,2,24.22208333,7.51,7.96,0.45,7.702708333,373.5,379,5.5,376.2375,56.2,92.9,36.7,75.67291667,A,16.2192451,36.61435119,20.39510609
16/12/2021,21.58,26.12,4.54,23.17729167,7.53,8.12,0.59,7.785625,372.4,381,8.6,375.2395833,67.2,107.6,40.4,84.72291667,A,11.39957247,43.41787619,32.01830372
17/12/2021,21.87,26.44,4.57,23.59895833,7.6,8.38,0.78,7.895,375.5,384.1,8.6,379.275,75.4,108,32.6,87.86875,A,10.95587638,38.26066561,27.30478923
18/12/2021,23.94,26.76,2.82,25.38104167,7.56,8.18,0.62,7.797083333,382.1,400.2,18.1,393.4229167,NA,NA,NA,NA,A,12.5458565,45.45735786,32.91150136
19/12/2021,23.02,25.79,2.77,24.32291667,7.53,7.91,0.38,7.682708333,377.7,398.8,21.1,386.5770833,71.4,83.1,11.7,76.51458333,A,14.70777156,45.04921534,30.34144379
20/12/2021,21.38,26.61,5.23,23.49978723,7.41,7.94,0.53,7.649787234,375.1,382.6,7.5,378.3468085,57.4,93.9,36.5,73.64680851,A,14.19292388,54.95304157,40.76011768
21/12/2021,22.39,27.53,5.14,24.64875,7.66,8.08,0.42,7.843541667,377.6,387.8,10.2,382.3916667,71.4,102.6,31.2,85.10208333,A,21.05168915,35.16902804,14.11733888
22/12/2021,23.06,28.67,5.61,25.46270833,7.74,8,0.26,7.884791667,345,390.9,45.9,380.4833333,76.1,104.2,28.1,89.13541667,A,21.26143844,31.25751412,9.996075686
23/12/2021,23.59,29.86,6.27,26.07833333,7.64,8.2,0.56,7.890625,326,356.8,30.8,345.0041667,76,121.4,45.4,96.72291667,A,14.09490051,35.18142154,21.08652103
24/12/2021,23.89,27.77,3.88,25.67270833,7.76,8.26,0.5,8.011875,336.7,349.4,12.7,344.7,83.3,121.8,38.5,102.0354167,A,13.13823657,28.0525997,14.91436314
25/12/2021,24.89,29.36,4.47,26.88291667,7.78,8.17,0.39,8.01,348.4,355,6.6,350.7791667,83,116,33,99.8875,A,13.80522174,29.12321543,15.31799369
26/12/2021,23.32,27.13,3.81,25.10041667,7.46,7.97,0.51,7.724791667,348.1,353.6,5.5,351.4791667,62.1,99.1,37,82.54583333,A,19.78430618,43.57241478,23.78810859
27/12/2021,21.42,25.98,4.56,23.513125,7.39,7.78,0.39,7.570833333,350.2,360.6,10.4,352.8958333,55.1,90,34.9,72.15,A,24.77626401,53.62484439,28.84858038
28/12/2021,22.19,26.45,4.26,24.47708333,7.47,8.03,0.56,7.696458333,355.7,364.4,8.7,358.1770833,66.1,110.6,44.5,84.74375,A,18.427625,50.34847735,31.92085235
29/12/2021,22.59,27.27,4.68,24.81854167,7.52,8.17,0.65,7.757291667,358.5,366.4,7.9,361.0729167,67.8,135.9,68.1,90.00416667,A,13.07810687,50.62425785,37.54615098
30/12/2021,24.09,29.63,5.54,26.51104167,7.55,8.23,0.68,7.844791667,362.8,373,10.2,365.8770833,73.2,113.2,40,88.12708333,A,11.00788146,53.76471805,42.75683659
31/12/2021,25.53,30.24,4.71,27.73833333,7.54,8.34,0.8,7.870208333,367.7,377.1,9.4,370.2625,74.2,109,34.8,89.06666667,A,11.29526933,55.58222659,44.28695726
1/01/2022,26.25,31.21,4.96,28.44229167,7.57,8.44,0.87,7.906458333,372.2,381.2,9,375.38125,71.6,125.7,54.1,90.93125,A,12.52781142,51.09491978,38.56710835
2/01/2022,26.03,29,2.97,27.355,7.57,8.1,0.53,7.78125,375,379.7,4.7,377.2458333,73,102.4,29.4,83.34583333,A,15.36205943,48.46200979,33.09995036
3/01/2022,25.27,32.19,6.92,27.96895833,7.57,8.08,0.51,7.794166667,376,404,28,386.7104167,65.9,122.7,56.8,92.46041667,A,12.68182125,53.87694308,41.19512183
4/01/2022,26.05,30.8,4.75,28.26291667,7.53,8.47,0.94,7.916666667,392.6,401.3,8.7,396.6291667,68.8,148.6,79.8,98.74375,A,8.943429089,53.07458773,44.13115864
5/01/2022,25.42,29.32,3.9,26.78666667,7.54,7.9,0.36,7.71375,390.5,400.4,9.9,395.0354167,69.3,92.5,23.2,80.46666667,A,21.66330344,53.10162222,31.43831878
6/01/2022,23.77,25.35,1.58,24.47666667,7.41,7.6,0.19,7.478541667,385.5,390.7,5.2,388.8041667,58.5,75.8,17.3,64.53333333,A,37.15125534,59.14924872,21.99799338
7/01/2022,23.12,27.69,4.57,24.48958333,7.33,8.26,0.93,7.634791667,384.5,389.9,5.4,387.1,51.9,108.6,56.7,75.33541667,A,10.30083191,69.70479834,59.40396643
8/01/2022,23.75,28.12,4.37,25.49208333,7.49,8.68,1.19,7.983125,387.2,394,6.8,388.8770833,NA,NA,NA,NA,A,8.981889433,50.05098983,41.0691004
9/01/2022,24.15,28.7,4.55,26.18458333,7.55,8.84,1.29,8.101458333,389.1,394.4,5.3,391,75.8,143.5,67.7,103.9520833,A,8.919763027,50.29962422,41.3798612
10/01/2022,26.19,29.91,3.72,28.11041667,7.44,8.67,1.23,7.956666667,393.5,402.2,8.7,396.3520833,76.2,127.7,51.5,97.91666667,A,8.861221013,61.5447949,52.68357389
13/01/2022,25.56,29.57,4.01,27.61333333,7.49,8.32,0.83,7.892916667,391.2,401.9,10.7,398.73125,75.8,108.6,32.8,90.50833333,A,6.843136032,40.76723592,33.92409989
14/01/2022,25.67,29.62,3.95,27.37645833,7.35,8.59,1.24,7.901458333,393.9,403.7,9.8,399.71875,NA,NA,NA,NA,A,9.12646814,75.10866368,65.98219554
15/01/2022,25.74,30.14,4.4,27.448125,7.24,9.02,1.78,8.0775,395.5,402.2,6.7,398.1354167,NA,NA,NA,NA,A,7.938856462,74.99291653,67.05406006
16/01/2022,26,30.4,4.4,27.95458333,7.18,9.34,2.16,8.213541667,396.3,407.2,10.9,400.1708333,42.4,178.7,136.3,108.425,A,7.897436605,83.74175034,75.84431373
17/01/2022,26.39,29.62,3.23,27.5775,7.33,8.81,1.48,7.872708333,399.7,407.3,7.6,403.4854167,61.3,119.2,57.9,82.94791667,A,11.58715472,85.72713482,74.13998009
18/01/2022,24.86,28.76,3.9,26.47479167,7.19,9.29,2.1,8.067083333,401.7,414.8,13.1,407.21875,39.7,143.2,103.5,84.02083333,A,9.194706789,87.31714383,78.12243704
19/01/2022,24.34,29.1,4.76,26.37854167,7.16,8.37,1.21,7.690416667,402.1,411.1,9,406.78125,42.8,112.6,69.8,76.84791667,A,10.97588681,91.06253751,80.0866507
20/01/2022,24.07,29.82,5.75,26.36479167,7.26,8.46,1.2,7.867708333,402.4,412.5,10.1,407.6583333,54,118.2,64.2,87.41458333,A,9.498022157,87.3857141,77.88769194
21/01/2022,22.89,28.66,5.77,25.27854167,7.35,8.27,0.92,7.745,406.4,417.8,11.4,410.7125,53.4,116.9,63.5,82.85833333,A,9.547803881,79.512368,69.96456412
22/01/2022,23.09,29.75,6.66,25.73020833,7.33,8.69,1.36,7.900625,402.5,419.5,17,413,60.1,143.2,83.1,94.66458333,A,8.659967517,82.5199781,73.86001058
23/01/2022,23.65,29.55,5.9,26.07958333,7.43,8.88,1.45,8.005833333,411.5,420.4,8.9,414.5895833,68.2,151.1,82.9,100.9270833,A,8.614347668,69.77515407,61.1608064
24/01/2022,24.52,29.14,4.62,26.72,7.41,8.67,1.26,8.039375,408.2,421.7,13.5,417.9375,75,137.6,62.6,99.96875,A,8.261504542,64.28139078,56.01988624
25/01/2022,24.88,29.63,4.75,26.704375,7.63,8.99,1.36,8.248125,417,425.3,8.3,419.66875,75.8,167.9,92.1,108.2125,A,7.94322772,60.37724884,52.43402112
26/01/2022,25.56,31.08,5.52,27.94104167,7.61,8.77,1.16,8.193333333,412.3,429.2,16.9,423.7583333,NA,NA,NA,NA,A,7.784345838,64.76895316,56.98460733
27/01/2022,25.56,29.53,3.97,27.59916667,7.76,8.55,0.79,8.108958333,423.6,429,5.4,426.5208333,82.2,129.4,47.2,97.08958333,A,7.86543352,48.77029824,40.90486472
28/01/2022,26.54,31.89,5.35,28.21125,7.51,8.9,1.39,8.069166667,411,433.1,22.1,427.54375,74.9,136,61.1,95.79583333,A,7.51845165,67.228288,59.70983635
29/01/2022,26.91,31.53,4.62,28.36145833,7.52,9.1,1.58,8.188333333,410.2,419.7,9.5,413.8979167,66.1,155.7,89.6,98.08958333,A,7.100300682,61.6848541,54.58455342
30/01/2022,27.23,32.04,4.81,29.01375,7.67,8.93,1.26,8.20875,414,420.8,6.8,417.6604167,70.9,147.2,76.3,101.5416667,A,7.131151777,52.03965593,44.90850415
31/01/2022,26.88,31.01,4.13,28.78333333,7.65,9.11,1.46,8.231041667,416.1,425.7,9.6,418.80625,66.1,155.7,89.6,102.45,A,7.411504307,53.03776987,45.62626557
1/02/2022,26.72,30.55,3.83,28.86145833,7.6,8.76,1.16,8.099583333,421.2,441.4,20.2,424.15,63.1,147.4,84.3,94.22291667,A,7.7192865,58.27695089,50.55766439
2/02/2022,23.42,26.47,3.05,25.00229167,7.43,8.19,0.76,7.759166667,438,446.9,8.9,440.80625,NA,NA,NA,NA,A,9.559906982,71.93605693,62.37614995
3/02/2022,21.43,24.65,3.22,22.81395833,7.57,8.32,0.75,7.899375,446.8,451.4,4.6,448.9270833,53.5,119.8,66.3,81.35,A,9.004291848,63.49222887,54.48793702
4/02/2022,19.93,25.08,5.15,21.93166667,7.51,8.57,1.06,7.942708333,450.1,470.8,20.7,456.2208333,50.3,138.8,88.5,86.61041667,A,7.201543056,64.84670297,57.64515991
5/02/2022,21.21,26.46,5.25,23.23729167,7.64,8.82,1.18,8.11,464.5,474.6,10.1,468.55625,60.7,177.6,116.9,101.8833333,A,9.102962001,56.98978262,47.88682061
6/02/2022,21.52,27.41,5.89,24.153125,7.68,8.75,1.07,8.191041667,455.5,478.3,22.8,472.29375,62.2,170.4,108.2,109.0583333,A,8.051080312,48.89799104,40.84691073
7/02/2022,22.04,28.55,6.51,24.749375,7.39,8.27,0.88,7.816041667,271.6,445.8,174.2,369.0375,54.8,133.5,78.7,92.16666667,A,8.902291702,67.99837289,59.09608119
8/02/2022,22.82,27.28,4.46,24.78854167,7.49,8.49,1,7.898958333,319.4,351.7,32.3,337.2479167,68.3,142.4,74.1,99.60833333,A,7.963301792,54.14398814,46.18068634
9/02/2022,23.15,25.97,2.82,24.30145833,7.55,8.39,0.84,7.896666667,347.8,358.9,11.1,350.7416667,68.3,120.4,52.1,91.42291667,A,8.620899499,55.66933424,47.04843474
10/02/2022,23.05,26.64,3.59,24.54333333,7.53,8.6,1.07,8.029166667,353.7,358.2,4.5,355.6791667,67.1,125.5,58.4,93.62291667,A,7.923709089,52.21074387,44.28703478
11/02/2022,22.02,26.19,4.17,23.495,7.47,8.72,1.25,8.019375,356.1,370.5,14.4,364.74375,50.6,117.1,66.5,83.70833333,A,7.979969069,57.43640675,49.45643768
12/02/2022,21.98,28.03,6.05,23.99854167,7.55,8.63,1.08,8.001458333,366.2,372.7,6.5,368.54375,60.7,115.4,54.7,87.42916667,A,7.691970561,56.02626055,48.33428999
13/02/2022,22.03,27.52,5.49,24.58375,7.68,8.42,0.74,7.97125,368.7,377.3,8.6,372.2479167,72.5,110.2,37.7,89.99791667,A,7.53913944,48.24582975,40.70669031
14/02/2022,23.09,27.81,4.72,24.94041667,7.65,8.74,1.09,8.072291667,370.2,381,10.8,373.9541667,NA,NA,NA,NA,A,7.258013093,59.48655299,52.2285399
15/02/2022,24.34,28.56,4.22,26.19708333,7.76,8.86,1.1,8.198333333,373.5,382.7,9.2,378.5833333,86.4,134.6,48.2,104.6729167,A,7.374182368,60.30131634,52.92713397
16/02/2022,25.21,29.11,3.9,27.06833333,7.77,8.68,0.91,8.184791667,380.6,386.4,5.8,383.2729167,79.7,119.8,40.1,98.30208333,A,12.73854301,28.49998278,15.76143977
17/02/2022,23.74,27.35,3.61,25.40208333,7.65,8.48,0.83,8.035208333,382,391.5,9.5,384.89375,65,109.3,44.3,87.06875,A,7.663050866,46.90695822,39.24390736
18/02/2022,22.85,26.18,3.33,24.264375,7.6,8.28,0.68,7.956458333,391.4,402.9,11.5,396.6,61,104,43,82.9,A,8.190687723,54.85327049,46.66258277
19/02/2022,21.94,26.39,4.45,23.83208333,7.47,8.17,0.7,7.786666667,397,406.2,9.2,400.84375,NA,NA,NA,NA,A,8.323933545,63.9915275,55.66759395
20/02/2022,22.8,26.11,3.31,24.27666667,7.8,8.19,0.39,8.00125,400.2,406.2,6,402.7416667,NA,NA,NA,NA,A,8.442133674,48.93468993,40.49255626
21/02/2022,21.22,27.2,5.98,23.550625,7.57,8.51,0.94,8.005833333,399.9,407.8,7.9,402.8791667,NA,NA,NA,NA,A,7.678723576,59.98085128,52.3021277
22/02/2022,20.71,29.15,8.44,23.745625,7.54,8.67,1.13,8.074583333,395.3,421.8,26.5,409.44375,NA,NA,NA,NA,A,7.826671749,61.43703469,53.61036294
23/02/2022,22.52,26.62,4.1,24.20022222,7.72,8.45,0.73,8.087111111,402.9,408,5.1,405.1311111,NA,NA,NA,NA,A,8.643058388,55.79812128,47.1550629
24/02/2022,23.96,27,3.04,25.19125,8.02,8.49,0.47,8.283125,405,410.4,5.4,407.05,76.3,108.5,32.2,94.44583333,A,12.8927268,22.63409932,9.741372527
25/02/2022,24.77,27.34,2.57,25.82395833,8.22,8.64,0.42,8.420208333,406.3,413.1,6.8,409.91875,86.1,120.2,34.1,100.6395833,A,10.9090551,17.35176418,6.442709077
26/02/2022,23.97,28.13,4.16,25.72354167,8.2,8.63,0.43,8.438958333,409.3,419.2,9.9,412.73125,80.7,122.6,41.9,100.1979167,A,10.20381578,18.16020717,7.956391395
27/02/2022,23.66,26.65,2.99,25.10125,8.14,8.57,0.43,8.35625,411.8,418.5,6.7,413.4333333,76.6,111.3,34.7,93.175,A,12.37022092,25.88497827,13.51475735
28/02/2022,24.11,26.66,2.55,25.093125,8.06,8.44,0.38,8.289791667,411.2,418.8,7.6,414.1479167,76.4,98.4,22,88.2375,A,13.71529003,22.09564196,8.380351926
1/03/2022,23.37,24.98,1.61,23.90541667,7.84,8.32,0.48,8.066875,402.1,412,9.9,406.4270833,NA,NA,NA,NA,A,15.59637996,31.95920687,16.36282691
2/03/2022,22.58,26.25,3.67,24.02770833,7.6,8.52,0.92,8.008541667,390.6,403.8,13.2,401.6645833,53.7,121.2,67.5,83.3,A,11.70243085,46.59397321,34.89154236
3/03/2022,22.62,25.54,2.92,23.971875,7.83,8.45,0.62,8.164166667,401.4,405,3.6,402.8354167,NA,NA,NA,NA,A,12.75120297,27.88301539,15.13181242
4/03/2022,23.83,26.25,2.42,25.09375,8.1,8.5,0.4,8.299375,404.2,408.2,4,406.0020833,NA,NA,NA,NA,A,12.42916988,21.04655748,8.617387601
5/03/2022,23.55,26.31,2.76,24.598125,7.75,8.37,0.62,8.105625,404.7,408.8,4.1,406.9520833,62.1,100.8,38.7,86.0125,A,14.99348075,29.5158605,14.52237976
6/03/2022,22.24,27.46,5.22,23.90458333,7.64,8.46,0.82,7.975416667,394.7,411.7,17,407.5020833,56.9,110.8,53.9,80.91041667,A,13.5070153,45.0178211,31.5108058
7/03/2022,22.66,27.21,4.55,24.3725,7.93,8.41,0.48,8.175416667,405.5,415.4,9.9,410.1729167,75.7,105.2,29.5,89.42916667,A,12.38340124,27.58805842,15.20465719
8/03/2022,22.86,25.74,2.88,24.02854167,7.87,8.36,0.49,8.129375,402.4,423.7,21.3,414.9458333,NA,NA,NA,NA,A,12.68658999,28.63259712,15.94600714
9/03/2022,21.44,25.97,4.53,22.72384615,7.65,8.28,0.63,7.896666667,421.9,459.3,37.4,437.0487179,NA,NA,NA,NA,A,13.43893004,45.38415039,31.94522035
25/03/2022,22.05,26.68,4.63,24.32454545,8.09,8.6,0.51,8.431818182,423.9,433.6,9.7,428.1954545,78.4,119.4,41,102.8909091,A,9.370271346,38.13287274,28.76260139
26/03/2022,19.83,26.85,7.02,22.45,8.1,8.65,0.55,8.449583333,425.5,435.5,10,428.54375,71.2,118,46.8,95.71041667,A,12.20530159,22.74952497,10.54422338
27/03/2022,20.19,26.36,6.17,22.83854167,8.17,8.78,0.61,8.523333333,428,435.8,7.8,430.8708333,76.3,126.5,50.2,100.7875,A,13.73736538,19.85319533,6.11582995
